"iso3","month","access","percapita_nets","loess_predicted_access"
"GMB",12,0.179282071947053,0.0452255725871575,0.0874722015224153
"GMB",11,0.179846171089939,0.0459799839958119,0.0886795306638085
"GMB",10,0.180142034878278,0.046667156031312,0.0897788108157493
"GMB",9,0.184628239308387,0.0483170563636577,0.0924165343147267
"GMB",8,0.192630693693026,0.0509758382595301,0.0966626181926703
"GMB",7,0.201296105668526,0.0537189914418048,0.101038175529751
"GMB",6,0.207966433916437,0.0563201853783902,0.10518301955648
"BDI",1,0.143764881714513,0.0582889260499779,0.108317713643594
"DJI",10,0.0541112136936896,0.0600299367671444,0.111088347960128
"GMB",5,0.217374568585653,0.0600525513386647,0.111124328528427
"DJI",11,0.054587217582499,0.0603566257292296,0.111608102420357
"DJI",12,0.0550887166603485,0.0605664062638733,0.111941837119727
"DJI",9,0.0565915187654345,0.061353510378879,0.113193880118804
"DJI",8,0.0618807723101754,0.0643881794559906,0.11801930130113
"GMB",4,0.227488522027087,0.0644308282035477,0.118087099501553
"DJI",7,0.0673444084161819,0.0674090189682448,0.122820620600667
"BDI",2,0.153951527512775,0.0682502449118953,0.124157423267357
"GMB",3,0.240508507222623,0.0698383246412925,0.12668090018974
"DJI",6,0.0744610465686485,0.0714155281519619,0.129187006693005
"GMB",2,0.253158543685522,0.0750400095373627,0.134946580370805
"DJI",5,0.0827569882234671,0.0757710971333728,0.136108519754165
"BDI",3,0.165198470699931,0.0796654697049449,0.142299904534706
"DJI",4,0.0913184987531672,0.080573051751278,0.143743418466871
"GMB",1,0.266880006109316,0.0812066857300785,0.144751385927876
"DJI",3,0.102321800192796,0.0855705471461104,0.15169784830026
"DJI",2,0.114654644061141,0.0913632328622041,0.160934812223031
"BDI",4,0.178673377120354,0.0931923748166699,0.163856354322375
"DJI",1,0.127374929753224,0.0976816912001019,0.171038619325834
"ETH",12,0.156390348316666,0.103850741843157,0.1809405732609
"ETH",11,0.156651724286867,0.1044416972465,0.181891351299003
"ETH",10,0.156440472999908,0.104793010119875,0.182456771808916
"GAB",10,0.140293219752267,0.10576907789647,0.184028498766777
"GAB",11,0.140797391065951,0.106089781676924,0.184545175747287
"GAB",12,0.141560871837165,0.106128314905715,0.184607264302484
"ETH",9,0.158718247167036,0.10621677748049,0.184749811086846
"GAB",9,0.142548179475694,0.106586298574136,0.18534535759685
"BDI",5,0.191427658313153,0.107878859106828,0.18742993083327
"GAB",8,0.147119199658728,0.108228758499561,0.187994608979217
"ETH",8,0.163866806460955,0.108718945116356,0.188785963626792
"GAB",7,0.151576702050819,0.110093538992099,0.191006857353586
"ETH",7,0.169714106131411,0.111593665167526,0.193433612453653
"GAB",6,0.156394050487495,0.112412135497597,0.194759033120772
"ETH",6,0.174651205573727,0.114646734076417,0.198382863670348
"AGO",7,0.167992998268101,0.114935423879498,0.198851593981875
"AGO",8,0.167815536219791,0.114999116733099,0.198955026424256
"GAB",5,0.161482212615422,0.115193221937254,0.199270278501588
"AGO",6,0.168529012409815,0.115556207672012,0.199859975719445
"AGO",9,0.16798042342665,0.115723846816635,0.200132389230714
"AGO",10,0.167921467789288,0.116093850027344,0.200733804754965
"AGO",11,0.167877939239431,0.116394650870731,0.201222900285457
"AGO",12,0.1682270496615,0.116647152008868,0.20163357577118
"AGO",5,0.169383541576721,0.116791509600544,0.201868410395226
"GAB",4,0.165536498392322,0.117023979986659,0.20224665537176
"ETH",5,0.179307321920253,0.117207191782391,0.20254481642093
"AGO",4,0.169760241924799,0.117279881817796,0.202663128517248
"AGO",3,0.17015216340004,0.117442896535972,0.202928487349788
"AGO",2,0.171693430550573,0.118258210283664,0.204256342847795
"GAB",3,0.17047194402568,0.11888935933542,0.205285035785367
"AGO",1,0.174016223076353,0.119347043548264,0.206031432344956
"ETH",4,0.182911915066978,0.119577565657191,0.206407508316549
"GAB",2,0.175601940334027,0.120846046029533,0.208478854916977
"ETH",3,0.18794540669107,0.122374334083339,0.210978784359587
"GAB",1,0.181387109292493,0.123066337015371,0.212112242462606
"BDI",6,0.205690783747672,0.124239704077022,0.214036201214965
"ETH",2,0.192171996181162,0.124463753432038,0.214403859795844
"ETH",1,0.196612989780259,0.126893123305283,0.218396027763705
"SOM",1,0.212011502472744,0.128516208296521,0.221068684537366
"SOM",2,0.215078813529801,0.129927730915122,0.223396268168814
"SOM",3,0.216864017226673,0.130869076295747,0.224950144377906
"SOM",4,0.221394306931677,0.132984313421992,0.228446144525605
"SOM",5,0.228142905883929,0.135904355425744,0.233281319511001
"SOM",6,0.232727932190626,0.137658441580029,0.23619026222512
"SOM",7,0.236115271879549,0.138869488736795,0.238200348560758
"BDI",7,0.217514486461654,0.139406986233909,0.239092894208263
"SOM",8,0.23840323668273,0.140050164575698,0.240161241907851
"SOM",9,0.241049326814152,0.141468949228373,0.242519029044859
"SOM",10,0.243682922913824,0.142636858759498,0.244460956860408
"SOM",12,0.245291570039811,0.143096863956636,0.245226061604558
"LBR",12,0.204595701121625,0.143325717903996,0.245606750099735
"SOM",11,0.245345135581731,0.143355479584246,0.245656259564521
"LBR",10,0.202995412011854,0.143482679656254,0.245867866437533
"LBR",11,0.203881656522143,0.143651321228358,0.246148428338996
"LBR",9,0.206035883917772,0.144281445754971,0.247196876042719
"LBR",8,0.214525651254976,0.147269425606952,0.252170974726266
"MRT",1,0.307381742959143,0.150580734894134,0.25768653394184
"LBR",7,0.223399135150457,0.151092661459087,0.258539393313661
"BDI",8,0.22732682354237,0.155076751738262,0.265176728792649
"LBR",6,0.236833513108938,0.156592172090877,0.267700778944578
"LBR",5,0.254786945353074,0.163719385721454,0.279558991513105
"ZWE",11,0.313148346636509,0.164481112073544,0.280824494065079
"ZWE",8,0.317331283281295,0.164582601950698,0.280993070801598
"ZWE",10,0.313391489750088,0.164707451695704,0.28120043728741
"ZWE",9,0.315325291851689,0.164928399714952,0.281567384761209
"ZWE",7,0.320216848118709,0.165515705493897,0.282542574570244
"ZWE",12,0.314262092235018,0.165742879901147,0.282919705610663
"ZWE",6,0.323207684092201,0.167366036798097,0.2856129235247
"ZWE",5,0.326552205742071,0.16997226223221,0.289931711089526
"LBR",4,0.271938920740447,0.170673261752003,0.291092042177119
"ZWE",4,0.329501036469742,0.172468415559339,0.294060717543387
"BDI",9,0.238745545128708,0.172680529987795,0.294411220186029
"ZWE",3,0.331626832965487,0.174564857918435,0.29752221269446
"ZWE",2,0.332915483761325,0.176090442446884,0.300037148903151
"ZWE",1,0.334087195909692,0.176810703500385,0.301223257091369
"MRT",2,0.354904512320977,0.17701984327065,0.301567508314371
"GNQ",10,0.277800503304674,0.178433899069011,0.303893203866126
"GNQ",12,0.280050123435756,0.178576845755157,0.304128120672679
"GNQ",11,0.278979663602751,0.178731041388045,0.304381484429567
"LBR",3,0.294899721369645,0.180271442126002,0.306910267617632
"GNQ",9,0.281497083153914,0.180474715944513,0.307243650644728
"MDG",11,0.296628070028402,0.181404061716026,0.308766862630254
"MDG",10,0.296943442343156,0.181499516573858,0.308923222329761
"MDG",12,0.29797525137346,0.182328553103557,0.310280486088642
"BDI",10,0.245778411411722,0.182636675070953,0.310784588176697
"BDI",11,0.247592454153805,0.184088113168356,0.3131566432119
"GNQ",8,0.289443585555809,0.184690349321991,0.314139590776615
"BDI",12,0.248056554024377,0.184782953908692,0.314290668756065
"MDG",9,0.307978106591967,0.188058431001401,0.319622283996727
"GNQ",7,0.298577558682089,0.189450051013142,0.321880017292404
"LBR",2,0.320906171385298,0.190734147455219,0.323959139667124
"GNQ",6,0.307014449461801,0.194563956760964,0.330134974411169
"GNQ",5,0.31412972022862,0.199421979770932,0.337996930398698
"MDG",8,0.32999572190834,0.201774850841344,0.341840142373006
"LBR",1,0.348174698794923,0.202652576695044,0.343279266452704
"MRT",3,0.399401527079594,0.202792906679936,0.343509615756464
"GNQ",4,0.322258492039505,0.204104043187349,0.345665239341184
"GNQ",3,0.330387555804767,0.208436606410605,0.352829205029985
"RWA",1,0.407588152313281,0.209128578885036,0.353978730164774
"GNQ",2,0.338107021667189,0.212636312224926,0.359825802681642
"MDG",7,0.351785057169004,0.215486000036189,0.364597738942973
"GNQ",1,0.34687726730449,0.217262559277231,0.367581113873602
"RWA",2,0.428555885179722,0.228527217214155,0.386598776296484
"MRT",4,0.440292141968886,0.228761451305479,0.386995309065125
"GHA",12,0.427041848363137,0.229815597814101,0.388780046157582
"GHA",11,0.426536617494543,0.230478897942127,0.389903160546057
"GHA",10,0.426110089699137,0.230587467864058,0.390086997983191
"MDG",6,0.372353427722232,0.2308077460127,0.390459989143935
"NGA",12,0.397664447883241,0.233549678063053,0.39510255523981
"NGA",11,0.398878864733638,0.23497562547737,0.397516171776813
"NGA",6,0.397761665131379,0.236014844770575,0.399274583565801
"NGA",10,0.400096198409589,0.236130044046676,0.399469467418308
"NGA",7,0.398564878630188,0.236153061931138,0.399508406003388
"NGA",5,0.397348803022109,0.236314710063607,0.39978185100485
"NGA",8,0.399525090160941,0.236529271902562,0.400144778148252
"NGA",9,0.399733171261476,0.236581042272258,0.400232341972075
"NGA",4,0.39883661415014,0.237236304467865,0.401340476659072
"NGA",3,0.401060635913109,0.238351085618981,0.403224923988783
"NGA",2,0.403862129001571,0.239054396154313,0.404413231008912
"GHA",9,0.437568622201958,0.239332942924361,0.404883724200521
"NGA",1,0.406491942390796,0.240230480810238,0.406399184183816
"RWA",3,0.449501950087558,0.247842746059306,0.419205001405184
"MDG",5,0.392877164127927,0.248028908819003,0.41951684731234
"MRT",5,0.474276217091849,0.253805590621734,0.429151980849541
"GHA",8,0.46194513549907,0.256295006107619,0.433275631092806
"TCD",1,0.438463766656527,0.264258190961578,0.446322090113576
"MDG",4,0.413631595448725,0.26483870562138,0.4472634019152
"RWA",4,0.470002806845589,0.268237051739705,0.452743762893522
"GHA",7,0.487518912760873,0.273760407781595,0.461531311363221
"MRT",6,0.511661291421003,0.280902296708503,0.472643044148715
"MDG",3,0.431716401749578,0.282011412080539,0.474340585558793
"RWA",5,0.487277303069907,0.288331437589143,0.483854899276107
"GHA",6,0.510838035235938,0.292109156220535,0.489403863748049
"KEN",1,0.476879147677062,0.29422457875083,0.492462744912363
"ERI",1,0.430735104245522,0.294533170156168,0.492905962177682
"MDG",2,0.44593891664986,0.298028239504706,0.497870733242795
"CIV",12,0.550607414294016,0.300882531242098,0.50184763919661
"KEN",2,0.482969895934813,0.30163107237028,0.502878624301771
"ZMB",1,0.532990632625855,0.301739582117405,0.503027657675998
"CIV",10,0.549029789587187,0.301808616147111,0.503122417300399
"CIV",11,0.550010592677116,0.301866420447668,0.503201729139264
"CIV",9,0.548902699571355,0.302515511301022,0.504090239685451
"CIV",8,0.551849226929262,0.304973652827351,0.507419754060504
"TCD",2,0.485654970362231,0.306105843477862,0.508934121234541
"MRT",7,0.544370696482722,0.306153464081564,0.508997547109903
"CIV",7,0.555517078861122,0.307906578955244,0.511317190718112
"RWA",6,0.50491205147927,0.308522838404068,0.51212543177716
"KEN",3,0.488913019574225,0.309000018765941,0.512748674324302
"ERI",2,0.44356253710864,0.309487125219804,0.513382531546593
"GHA",5,0.530574349425592,0.311183406028581,0.515571113083829
"SSD",1,0.515148150611925,0.311860795168666,0.516436862913151
"CIV",6,0.560474721210732,0.312341848270746,0.51704879409858
"MDG",1,0.4620849378049,0.315201871341358,0.520638168943289
"CIV",5,0.565693175467359,0.317052128551483,0.522917858369767
"KEN",4,0.497339823697759,0.317730243210509,0.523745444768693
"TZA",10,0.520728674469294,0.319741186567437,0.526175826343697
"TZA",9,0.521257144667689,0.319922431638665,0.526393178048821
"TZA",8,0.522880678881409,0.320761431066846,0.527395782826303
"TZA",11,0.522710396101534,0.320930718911093,0.527597386338872
"ZMB",2,0.557361589598777,0.321404873336759,0.528160830786457
"CIV",4,0.571378617542523,0.321697406655209,0.528507563584729
"TZA",7,0.524289084233555,0.321785666873934,0.528612044489817
"TZA",12,0.524571633594387,0.322273120204282,0.529187993724815
"ERI",3,0.454523684036991,0.323264992297238,0.530354348147519
"TZA",6,0.526348165339478,0.323871910761691,0.531064428713438
"SEN",12,0.593899605495071,0.324516626466203,0.531815819717263
"RWA",7,0.518701894060298,0.325563309938171,0.533029490297105
"TZA",5,0.528159946743594,0.325894543078583,0.533412013132216
"SEN",11,0.595707397199317,0.32663831411217,0.534268307978571
"TZA",4,0.528361834675355,0.326841166799459,0.534501226026357
"CIV",3,0.57706947009038,0.326878484773712,0.53454404629282
"TZA",3,0.528917329770631,0.327876296945003,0.535685730463208
"TZA",2,0.528666262224634,0.328041158162354,0.53587377036528
"KEN",5,0.507591944904895,0.328293140333995,0.536160862381112
"SEN",10,0.597349858358139,0.328556097237033,0.536460053112319
"TZA",1,0.529287737459466,0.328799233415526,0.53673632808531
"MRT",8,0.568103730385488,0.329281578631081,0.537283396959665
"GNB",1,0.53533520144666,0.329439272762618,0.537461961664977
"GHA",4,0.55184850352545,0.329907543813425,0.537991381524051
"CIV",2,0.58442696921717,0.331588211577692,0.539881726314286
"SDN",1,0.532527027561076,0.332714912271925,0.541140898576126
"SDN",2,0.532886740010812,0.333530582625756,0.542048684230933
"SDN",3,0.531411822661833,0.334258030834707,0.542855740893714
"SDN",4,0.531068226856155,0.335097459840152,0.543784198247192
"SDN",5,0.5323650263498,0.336594629897914,0.54543311443191
"CIV",1,0.592132345610421,0.33769538856119,0.546640142288032
"KEN",6,0.515869689483335,0.337815336077943,0.546771416967804
"SDN",6,0.535223924305709,0.33816958698538,0.547158843615163
"ERI",4,0.466407603444756,0.338518547828903,0.547540088503706
"ZMB",3,0.580864569177054,0.339427416733674,0.548531280838927
"SDN",7,0.539555166452977,0.340779496882074,0.550001493261571
"RWA",8,0.529570146497084,0.341116286196141,0.550366970016252
"MOZ",1,0.629093977003293,0.341138769067361,0.550391358121398
"SEN",9,0.607560106682301,0.342266142324249,0.551612777417441
"SDN",8,0.543703838873529,0.343661237405578,0.553120625503179
"TCD",3,0.530393732381418,0.345806185613016,0.555432754056855
"KEN",7,0.522505460301863,0.345997917777561,0.555639143437683
"SDN",12,0.547145433439134,0.346154582002804,0.555807755470863
"SDN",11,0.546019623658647,0.346175335085445,0.55583008939662
"SDN",9,0.5458757927544,0.346400499492523,0.556072378432995
"SDN",10,0.545770230523364,0.346571196780181,0.556256026248983
"SSD",2,0.549550926596462,0.346980732091998,0.556696529895548
"GHA",3,0.572094108569436,0.350707744852585,0.560701814632846
"MWI",11,0.584719760137309,0.352210413667043,0.562316925638212
"MRT",9,0.592878014779788,0.352573388406115,0.562707258665946
"MWI",10,0.58515632816308,0.353094581805553,0.563267921236955
"ERI",5,0.479420902187626,0.354026541691115,0.564271116732333
"MOZ",2,0.64077099458768,0.354478719743147,0.564758217981694
"KEN",8,0.528643376452652,0.354608226430706,0.564897775573867
"MWI",12,0.587839197971136,0.354827271829366,0.565133873078851
"ZMB",4,0.601877006177945,0.356558776180172,0.56700280540282
"RWA",9,0.541300323830232,0.357346895443769,0.567855279185608
"MWI",9,0.599127873183973,0.359885044616919,0.570571889542456
"MRT",12,0.603618701033148,0.361437647029892,0.572204211433035
"MRT",11,0.60441628270751,0.362993380785576,0.573818416397749
"MRT",10,0.60307363161344,0.363217420865319,0.574049160735821
"KEN",9,0.534796379302683,0.36350963304276,0.574349479484464
"SEN",8,0.62227053517558,0.365140059027491,0.57601213489673
"RWA",10,0.547686677910616,0.366135055727401,0.577016247260606
"MOZ",3,0.652270568918112,0.366550496262229,0.577433192724146
"RWA",11,0.548751110068622,0.367333402002556,0.57821532627489
"RWA",12,0.5489914033815,0.367490611614725,0.578371819830093
"KEN",10,0.539277470405722,0.368547877422713,0.579419491070635
"GNB",2,0.567580190367404,0.368987299357352,0.579852517789397
"KEN",11,0.541317026136929,0.369464466315182,0.58032117112526
"KEN",12,0.541471017941811,0.369704578040452,0.580556388272337
"ZMB",5,0.616463325908634,0.370035439432783,0.580879842874264
"ERI",6,0.493535725658992,0.370314675531653,0.581152235971585
"GHA",2,0.591485218132032,0.37113093593614,0.581945433285111
"MWI",8,0.622511846030094,0.371891719381554,0.582680698281362
"BFA",12,0.597867144639852,0.374817709170402,0.585474171880751
"BFA",11,0.598492891066417,0.376010233046879,0.586597925132522
"CAF",12,0.538114312439515,0.37716870385358,0.587681935072609
"BFA",10,0.600187812964925,0.377506320837846,0.587996482454989
"MOZ",4,0.662398752612611,0.377839714930634,0.588306504218911
"CAF",11,0.537430687477724,0.378076052551607,0.588525922216329
"CAF",10,0.536110581126977,0.378483818664846,0.588903820130058
"SSD",3,0.581105309152271,0.379674642443022,0.590002648727871
"CAF",9,0.535990169739673,0.380145691148583,0.590435406047056
"COM",1,0.586985442767867,0.382798147332588,0.59285344611824
"ZMB",6,0.630970675825396,0.383492472620838,0.593481464749277
"CAF",8,0.538898663172172,0.383822227916194,0.593779056523193
"TCD",4,0.569455418310614,0.384214730868642,0.594132725968546
"MWI",7,0.64442577229782,0.384324432633286,0.594231468908351
"ERI",7,0.505846560182096,0.384936844728624,0.594781877467871
"MOZ",5,0.668934896799002,0.38585565233401,0.595605119208331
"BFA",9,0.608486502085229,0.387528236796281,0.597096421549114
"CAF",7,0.541720733859064,0.387543343315478,0.597109850186631
"SEN",7,0.63767084791449,0.388009665399567,0.597524038513741
"CAF",6,0.54499374811814,0.391801245613256,0.600869879465548
"UGA",1,0.662196504140909,0.392858956590432,0.601797313236725
"GHA",1,0.611838366208841,0.393354683187139,0.602231243372142
"MOZ",6,0.675482348091612,0.393946166161207,0.602748427575478
"CAF",5,0.547470235522229,0.395834411612323,0.604395880574756
"ZMB",7,0.645138255257318,0.39845566520192,0.606676006850722
"ERI",8,0.516964732475766,0.39930489932383,0.607413596621115
"CAF",4,0.549737795029211,0.399342874305105,0.607446570736178
"MWI",6,0.666437419960772,0.400536600775384,0.608482839770215
"MOZ",7,0.681854239640378,0.402667310139257,0.610332141141647
"SLE",1,0.597460699897312,0.403014734695138,0.610633753919439
"BFA",8,0.619713783313008,0.403627234733072,0.611165606452582
"CAF",3,0.553818024377743,0.404192788608217,0.611656864867991
"GNB",3,0.599774229855431,0.407201671602534,0.614274900132652
"SEN",6,0.649734348586002,0.409582160845106,0.616354271657338
"CAF",2,0.559608901782458,0.409984819276698,0.616706944273636
"SSD",4,0.611884206971917,0.412901700450876,0.619271959938458
"MOZ",8,0.68892492853997,0.413075961981127,0.619425839213196
"ERI",9,0.527674736851628,0.414363501022008,0.620565320959131
"CAF",1,0.565135880187706,0.416221419304705,0.622218190981818
"ZMB",8,0.660031005814229,0.416619535287775,0.622573808380309
"TCD",5,0.596544870619918,0.418212201249516,0.624001991084849
"BFA",7,0.630719247492975,0.419485463604284,0.625150565117569
"MWI",5,0.689165776474744,0.420371268202885,0.62594930185041
"ERI",12,0.534307893027846,0.421025496248335,0.626535988701724
"ERI",11,0.533756010718945,0.421415332167001,0.626884289098856
"ERI",10,0.533352177076315,0.421800840906322,0.627227785754438
"COM",2,0.618414282297015,0.423081352349774,0.628362154547636
"MOZ",9,0.696002532210274,0.424284476410054,0.629418921257387
"MOZ",11,0.697174069783071,0.429341428521754,0.633770157690512
"MOZ",10,0.698095772493315,0.429575882863124,0.633968523330436
"MOZ",12,0.699576165279651,0.431161769222148,0.635302898973784
"UGA",2,0.690187461851546,0.431410605606308,0.635511122122359
"SEN",5,0.665058942078357,0.433381551778504,0.637149738827907
"BFA",6,0.639330720069021,0.433555008314731,0.637293062759237
"SLE",2,0.62291353184225,0.433943705682316,0.637613728379547
"ZMB",9,0.674506617773758,0.435333518753324,0.638754651780176
"MWI",4,0.710135420409655,0.438681157887782,0.641468422558708
"GIN",12,0.629606073409132,0.440670926512687,0.64306000262119
"GIN",11,0.629620029352368,0.441961456776658,0.644084354660698
"GIN",10,0.629055078082195,0.442584553166629,0.644576806858052
"SSD",5,0.637759565540038,0.443424659618253,0.645238650572481
"ZMB",10,0.680715237464734,0.444733111268525,0.646264789549202
"ZMB",11,0.681098115871083,0.444885954140339,0.646384295177074
"ZMB",12,0.683420246375038,0.446220706125383,0.647424843552462
"BFA",5,0.646343095870471,0.447904493053793,0.648729979857341
"BEN",1,0.676802220558989,0.449696605911487,0.650110538070753
"GNB",4,0.633170975682878,0.44995243639887,0.650306942448886
"COD",9,0.613063451635275,0.451981677468531,0.651859260508039
"COD",10,0.612985696941731,0.452017687764798,0.651886722182578
"COD",12,0.614214496042274,0.452234248443816,0.652051812735139
"COD",11,0.613617451505929,0.452293817829426,0.652097206305899
"COD",8,0.614015204106924,0.452414859584576,0.652189419954385
"COD",7,0.614579129008294,0.453066010443691,0.652684954402272
"COD",1,0.614850044261165,0.453908773421503,0.653325016198332
"COD",6,0.61514797354356,0.454001515903711,0.653395366295672
"TCD",6,0.627047926182333,0.454052294271611,0.653433877321187
"COD",2,0.614443567459061,0.454118067524988,0.65348375328409
"COD",3,0.614120796214967,0.454538351136928,0.653802260420848
"COD",5,0.614947651496359,0.454750825756713,0.653963155898082
"COD",4,0.61458038306843,0.454782653242597,0.653987249950914
"GIN",9,0.636795737384268,0.455859931060179,0.654801704114446
"SEN",4,0.680433298237899,0.457376302462211,0.655944842931743
"MWI",3,0.729899967515248,0.458970198158715,0.657142746627863
"COM",3,0.649046843268642,0.461114475570329,0.658749281065176
"BFA",4,0.65361102345226,0.46195349107492,0.659376576720904
"SLE",3,0.646952165638019,0.463579791952822,0.660590801469909
"UGA",3,0.715873695366416,0.468091483935646,0.663951921613242
"SSD",6,0.664618681744159,0.475010021018823,0.669107898935494
"BFA",3,0.666078816613087,0.478393871580754,0.671641935134027
"CMR",12,0.663018648361446,0.478422186397452,0.67166319511224
"MWI",2,0.745947750820419,0.478873906740208,0.672002510596483
"CMR",11,0.662889583456216,0.479202766028684,0.672249713087254
"CMR",10,0.662503987083852,0.479625678412095,0.672567841031118
"SEN",3,0.698314176777935,0.481533960432889,0.674006735805643
"CMR",9,0.662933189765771,0.481704792541703,0.674135840892715
"GIN",8,0.653690122309025,0.481753150290647,0.674172396149175
"CMR",8,0.665583191968227,0.485638173098387,0.677123942765564
"TCD",7,0.654834468441043,0.48879192645195,0.679544808790841
"CMR",7,0.66816962850843,0.489691236463326,0.680239859485759
"BFA",2,0.67774844149433,0.492614548585765,0.682515425798652
"CMR",6,0.670188455541077,0.492969219923782,0.682793304815231
"SLE",4,0.670619906339812,0.494798035252778,0.684232770315352
"GNB",5,0.664761913380183,0.495115081282386,0.684483231604017
"CMR",5,0.671185297269812,0.495618468617601,0.684880588752835
"CMR",4,0.67301617566954,0.498119787226442,0.686849422341105
"MWI",1,0.762755138897593,0.498650278270741,0.687265785345265
"SSD",7,0.685242222812497,0.500724249811319,0.688889587657332
"CMR",3,0.675844041278376,0.501228944566983,0.689283780844347
"SEN",2,0.714264956696235,0.502324300819609,0.690138034965434
"COM",4,0.679332234320361,0.502508065415745,0.690281179883835
"CMR",2,0.679511836556945,0.504709638415867,0.691992322623926
"UGA",4,0.742566260665713,0.506730658577371,0.693557021770193
"BFA",1,0.688838268169598,0.507462268157024,0.69412201369546
"GIN",7,0.671737201289569,0.508033763980509,0.694562830952732
"CMR",1,0.682500905024691,0.508356652142803,0.694811684178354
"TGO",1,0.768437256308867,0.520031003667967,0.703712958652251
"BEN",2,0.725718436620145,0.520904887860842,0.704371907689325
"SSD",8,0.698653298959935,0.520948500270501,0.70440476726212
"TCD",8,0.679087430386157,0.523141707799575,0.706054037174186
"SEN",1,0.731431414601147,0.525285186306202,0.707659914555723
"SLE",5,0.691676361118323,0.525452681065444,0.707785152844571
"GIN",6,0.688229151335055,0.532782982496978,0.713231665922215
"SSD",9,0.71230158050948,0.540956107429709,0.719227503187042
"COM",5,0.703638731495334,0.542529833339388,0.720373020734538
"GNB",6,0.698470551113856,0.542535708885134,0.720377292239492
"UGA",5,0.76724991579713,0.543950714551696,0.721404853854471
"SSD",12,0.718623668605445,0.549318360117221,0.725282390266801
"SSD",11,0.718986662662464,0.550261247835143,0.725960250064374
"SSD",10,0.719518105283969,0.551123594342243,0.726579365149995
"TCD",9,0.700380177644801,0.556201535243688,0.730208982598976
"SLE",6,0.711874377526639,0.556830232749332,0.730656484887497
"GIN",5,0.704280788389978,0.557742082420047,0.73130480903732
"TGO",2,0.792930412117645,0.565410939273679,0.73672422954997
"TCD",12,0.708890537925695,0.570035632342541,0.739964742354964
"TCD",11,0.709845857898233,0.571368878872622,0.740895219400746
"TCD",10,0.710646763498088,0.572637943013417,0.741779384815224
"GIN",4,0.718774606802099,0.581580656162709,0.747969192284132
"UGA",6,0.791270834934595,0.581815045354412,0.748130499135281
"COM",6,0.728131975224587,0.583534131563657,0.749312173126357
"GNB",7,0.727666069053575,0.585100524235253,0.750386761516422
"SLE",7,0.729527978551543,0.585335186567693,0.750547573601004
"BEN",3,0.769024026510048,0.587888279220587,0.752294317142011
"MLI",1,0.825054815060218,0.596590080486476,0.758209771975697
"GIN",3,0.734935351820145,0.605375520597451,0.764126360854099
"TGO",3,0.814179363577636,0.608045557078612,0.765914203216362
"MLI",2,0.832225934684911,0.611963015174478,0.768529126988973
"SLE",8,0.745581039520058,0.61326924452169,0.769398946597878
"UGA",7,0.812298066487224,0.616599724650629,0.771612144231825
"COM",7,0.750162783224883,0.621437062540769,0.774815470701514
"GNB",8,0.751403875506108,0.622804610348346,0.775718766414045
"GIN",2,0.749634770753333,0.625878423169203,0.777745540112921
"MLI",3,0.837992659857365,0.626031667694124,0.777846459031624
"MLI",4,0.844295833634619,0.639573437533364,0.786721245880329
"SLE",9,0.762407616345479,0.641801456605131,0.788173955971706
"COG",10,0.749073232902903,0.647784752185964,0.792066123643157
"COG",11,0.749194421334278,0.648019541570139,0.79221860225147
"COG",12,0.750084102602629,0.648185229730498,0.792326193680575
"GIN",1,0.765082116857855,0.648374843491718,0.79244931037868
"UGA",8,0.832842577945424,0.651716796539969,0.794617363301859
"TGO",4,0.837278133066295,0.652780362533002,0.795306618240955
"MLI",5,0.852255538026328,0.653521277599175,0.795786578981529
"BEN",4,0.809113207598066,0.654224769760792,0.796242150961756
"COG",9,0.753415620079145,0.654364229268071,0.796332440679388
"SLE",12,0.773681968228727,0.656824913156273,0.797922784060159
"SLE",11,0.773080920329438,0.657799903011886,0.798551472579379
"SLE",10,0.772211570630343,0.657949390860904,0.79864779195931
"COM",8,0.771204418963726,0.658358318560601,0.79891117725177
"GNB",9,0.776036246242621,0.660451625786732,0.800257185716404
"COG",8,0.76148747431501,0.667455263972569,0.804733022774276
"MLI",6,0.861067789892577,0.668519324826474,0.80540932549337
"NER",1,0.809622115352276,0.673023152744843,0.808261063995609
"GNB",12,0.789320265734664,0.678042034773077,0.811418283243612
"GNB",11,0.789937396073184,0.679945122652357,0.81260976775337
"GNB",10,0.789926597414084,0.680957919356029,0.813242584322724
"COG",7,0.769770429980354,0.681037888851231,0.813292513217196
"MLI",7,0.86964729928857,0.683848916817714,0.815044069093486
"UGA",9,0.85243786311673,0.687191175586212,0.817117761362587
"NER",2,0.81706176744774,0.688932945262147,0.818194615749864
"COG",6,0.777758459427776,0.694417250581643,0.821568212222813
"COM",9,0.79165733518032,0.695173057407198,0.822031102959929
"TGO",5,0.858790611265657,0.695485612215355,0.822222381889888
"MLI",8,0.877789831416437,0.69923810534488,0.824512276940422
"NER",3,0.823755521102793,0.704421761198186,0.827655552420654
"UGA",12,0.863547925192869,0.706229282355961,0.828746156554116
"UGA",10,0.862976738077966,0.706300770226115,0.8287892323351
"UGA",11,0.863601515982776,0.706662933433415,0.829007390006722
"COG",5,0.785062549512587,0.707592191794971,0.829566634154095
"BEN",5,0.838322519940359,0.711545830735639,0.831937690755666
"MLI",9,0.885376537461199,0.713999258853985,0.833402280628494
"COM",10,0.802557088596356,0.715024218040118,0.834012602032274
"COM",11,0.802920609434797,0.715448678096814,0.834265085895012
"COM",12,0.803676515315234,0.716261311855094,0.834748036551323
"MLI",12,0.887746317884392,0.717590271116548,0.835536616179915
"MLI",11,0.888249217017535,0.719211370783289,0.836496488620468
"COG",4,0.7920427662024,0.719496896152135,0.836665317364228
"NER",4,0.830219787038942,0.719774497376114,0.836829393371132
"MLI",10,0.888609848959163,0.720481548140974,0.837246995704478
"COG",3,0.798502894311615,0.730740531042716,0.843257829258966
"NER",5,0.839739680573577,0.737820564137116,0.847353314957338
"TGO",6,0.880824328000082,0.739973244674451,0.848590006203754
"COG",2,0.805031792831966,0.740760719048655,0.849041407085515
"COG",1,0.812269759144443,0.75165361397004,0.855230870757842
"NER",6,0.850551255935788,0.75654564652655,0.857977438156208
"BEN",6,0.867876266628638,0.771264511771575,0.866117380224871
"NER",7,0.859606825560825,0.773290709320494,0.867223384152571
"TGO",7,0.899746921610764,0.782443014032356,0.872175376280792
"NER",8,0.867495663595663,0.78761752617642,0.874943392115256
"NER",9,0.873981317978809,0.800593052267007,0.881783698219649
"NER",12,0.876181338476416,0.803273514789699,0.883178818892013
"NER",11,0.876590253466952,0.804815464747046,0.883978587562063
"NER",10,0.876425279809872,0.805494215021213,0.88432999347321
"BEN",7,0.892298973087553,0.82576164456474,0.894641705987448
"TGO",8,0.918344661255065,0.82761700550358,0.895568168806967
"TGO",9,0.935996070233679,0.873144467156901,0.917383379740901
"BEN",8,0.914145338965485,0.879692400078334,0.920375938767678
"TGO",12,0.945106564247523,0.895749179627776,0.927560228557836
"TGO",11,0.945212614726799,0.896793704565642,0.9280200049847
"TGO",10,0.945349782075394,0.897558506947661,0.928356067249881
"BEN",9,0.934972964676367,0.934224353237956,0.943886297763969
"BEN",12,0.945470558770079,0.961569386532407,0.954728778311063
"BEN",11,0.945668007004263,0.96271382079013,0.955168798633675
"BEN",10,0.945867774916092,0.963350823083535,0.955413239513036
